{
  "Component-preload.js.map": 1754389330897,
  "controller/App.controller.js": 1749578955000,
  "controller/tiles.controller.js": 1749587715000,
  "controller/hotelDetails.controller.js": 1749589617000,
  "model/models.js": 1749578955000,
  "manifest.json": 1754387901133,
  "Component.js": 1749578955000,
  "Component-dbg.js": 1749578955000,
  "Component.js.map": 1754389330767,
  "controller/tiles-dbg.controller.js": 1749587715000,
  "controller/tiles.controller.js.map": 1754389330771,
  "controller/hotelDetails-dbg.controller.js": 1749589617000,
  "controller/hotelDetails.controller.js.map": 1754389330777,
  "model/models-dbg.js": 1749578955000,
  "model/models.js.map": 1754389330766,
  "controller/App-dbg.controller.js": 1749578955000,
  "controller/App.controller.js.map": 1754389330768,
  "Component-preload.js": 1754389330897,
  "i18n/i18n.properties": 1754387901133,
  "view/tiles.view.xml": 1749587389000,
  "view/hotelDetails.view.xml": 1749589558000,
  "view/App.view.xml": 1749578955000,
  "fragments/location.fragment.xml": 1749585552000,
  "css/style.css": 1749578955000,
  "index.html": 1749578955000
}